customer,orders,total_items,discount,weekday,hour,Food,Fresh,Drinks,Home,Beauty,Health,Baby,Pets,num_orders
0,0,44.66666666666666,14.11,4,13,14.07,73.20333333333333,4.3566666666666665,6.2,2.1766666666666667,0.0,0.0,0.0,3.0
7,90,40.0,0.93,1,20,23.7,52.54,13.93,0.0,9.83,0.0,0.0,0.0,1.0
13,127,32.0,0.0,1,9,0.0,76.95,0.0,0.0,8.28,0.0,14.77,0.0,1.0
16,136,16.0,14.0,5,13,0.0,51.12,28.3,20.58,0.0,0.0,0.0,0.0,1.0
17,137,53.0,18.1,1,15,11.65,37.46,12.65,0.0,0.0,0.0,38.24,0.0,1.0
18,138,20.6,17.449999999999996,6,12,19.776,45.038,21.022,10.374,3.792,0.0,0.0,0.0,5.0
19,143,28.0,16.96,1,23,11.696666666666664,40.056666666666665,35.300000000000004,11.926666666666668,0.0,0.0,1.02,0.0,3.0
23,156,28.0,0.0,4,23,6.98,84.96,8.06,0.0,0.0,0.0,0.0,0.0,1.0
40,199,69.0,3.16,4,23,40.14,48.3,7.2,1.58,0.0,0.0,2.78,0.0,1.0
42,211,37.2,6.662000000000001,1,2,17.772,24.938,17.086000000000002,5.176,5.952,0.0,29.076,0.0,5.0
51,254,69.25,3.1825,3,9,18.8,50.27,15.965,5.815,1.11,0.0,0.0,8.0375,4.0
54,273,60.0,5.13,3,20,31.85,30.42,12.51,11.6,13.61,0.0,0.0,0.0,1.0
56,289,43.0,8.726666666666667,7,18,18.73333333333333,39.53333333333333,9.096666666666666,18.12666666666667,10.366666666666667,4.1433333333333335,0.0,0.0,3.0
61,305,33.625,5.7387500000000005,1,10,23.36125,52.69375,19.715,1.5875,2.64125,0.0,0.0,0.0,8.0
71,356,19.33333333333333,16.786666666666665,1,13,23.19666666666667,46.54999999999999,15.623333333333331,0.0,6.6933333333333325,0.0,1.5933333333333335,6.343333333333334,3.0
74,361,33.4,11.384,1,21,23.634,32.986000000000004,33.778000000000006,7.07,1.806,0.724,0.0,0.0,5.0
78,385,29.0,7.9700000000000015,2,13,15.446666666666664,45.61333333333334,8.133333333333333,30.80666666666667,0.0,0.0,0.0,0.0,3.0
81,391,58.4,18.102,5,10,17.448,38.09,32.692,1.94,6.888,2.684,0.26,0.0,5.0
84,403,21.0,4.22,5,0,19.05,54.07,26.88,0.0,0.0,0.0,0.0,0.0,1.0
107,452,44.5,6.847499999999999,1,18,11.9375,25.6575,20.2025,13.6825,1.4475,0.0,27.067500000000003,0.0,4.0
108,456,17.5,1.49,2,16,20.895,38.45,11.965,7.819999999999999,10.010000000000002,10.86,0.0,0.0,2.0
114,495,26.5,11.704999999999998,7,19,31.096666666666668,28.746666666666663,15.926666666666668,9.82,6.118333333333333,0.0,8.295,0.0,6.0
116,502,44.0,3.355,2,20,28.825,53.6225,5.734999999999999,6.865,4.9525,0.0,0.0,0.0,4.0
117,506,28.5,8.925,6,11,17.38,32.475,13.85,18.255000000000003,7.315,0.0,10.725,0.0,2.0
121,522,76.66666666666667,1.2466666666666668,3,23,11.058333333333335,38.34333333333333,38.88333333333333,7.479999999999999,4.239999999999999,0.0,0.0,0.0,6.0
146,595,49.0,17.93375,4,10,13.4425,48.53625,8.44,20.58125,8.26625,0.645,0.08625,0.0,8.0
162,641,38.0,13.02,3,9,1.08,49.99,23.66,24.0,0.0,0.0,0.0,1.26,1.0
174,683,25.857142857142858,4.867142857142857,4,12,24.438571428571432,41.32285714285714,21.195714285714285,6.251428571428572,5.567142857142857,0.0,1.2242857142857144,0.0,7.0
195,756,52.66666666666666,9.723333333333334,2,17,11.4,33.583333333333336,18.17333333333333,27.546666666666667,6.973333333333334,0.0,2.3266666666666667,0.0,3.0
200,769,56.0,1.98,6,12,13.945,40.005,34.015,5.04,3.715,2.315,0.96,0.0,2.0
210,805,25.33333333333333,0.5533333333333333,1,10,8.183333333333332,51.653333333333336,17.023333333333333,8.576666666666666,9.090000000000002,5.473333333333334,0.0,0.0,3.0
211,808,77.0,3.2,5,14,7.05,41.89,20.4,0.0,19.24,11.43,0.0,0.0,1.0
215,830,63.66666666666666,2.49,1,17,12.966666666666669,41.63333333333333,27.246666666666663,12.57,2.7,2.8816666666666664,0.0,0.0,6.0
217,838,38.2,6.994,7,22,34.54,28.846000000000004,12.32,18.362,2.3020000000000005,3.63,0.0,0.0,5.0
219,845,28.33333333333333,3.7266666666666666,3,22,21.85333333333333,30.100000000000005,10.766666666666666,18.766666666666666,0.0,0.0,18.516666666666666,0.0,3.0
222,854,40.0,31.68,6,13,16.744999999999997,39.11,10.105,25.22,8.825,0.0,0.0,0.0,2.0
227,862,29.5,22.63,4,9,11.855,51.375,0.0,18.42,12.505,5.84,0.0,0.0,2.0
229,868,26.5,1.49,3,23,12.84,37.395,25.365,19.915,4.48,0.0,0.0,0.0,2.0
232,872,26.33333333333333,1.4333333333333336,2,17,11.096666666666666,33.406666666666666,32.24,15.983333333333334,5.6933333333333325,1.586666666666667,0.0,0.0,3.0
233,875,55.66666666666666,3.653333333333333,3,12,29.55,40.08666666666667,20.55333333333333,7.0,2.81,0.0,0.0,0.0,3.0
238,903,29.166666666666668,3.2566666666666664,4,22,13.88,23.83666666666667,30.813333333333336,7.594999999999999,5.391666666666666,0.315,18.168333333333337,0.0,6.0
242,915,35.75,5.465,2,10,24.25,54.3925,10.6025,5.9775,4.78,0.0,0.0,0.0,4.0
252,941,24.571428571428573,4.038571428571428,2,16,19.062857142857144,29.56,39.81428571428573,9.042857142857144,1.16,0.0,0.0,0.2914285714285714,7.0
257,960,43.0,2.64,1,22,27.093333333333334,49.85666666666666,10.803333333333333,4.29,0.0,0.0,7.956666666666666,0.0,3.0
263,999,56.333333333333336,4.528333333333333,7,20,18.16333333333333,39.13666666666666,18.19333333333333,21.663333333333338,2.845,0.0,0.0,0.0,6.0
267,1008,26.0,1.955,1,23,6.93,28.07,37.145,15.545000000000002,10.505,0.0,0.0,1.805,2.0
277,1045,27.571428571428573,8.907142857142857,6,20,10.494285714285716,43.90428571428572,11.54857142857143,8.301428571428572,2.275714285714286,0.0,14.941428571428572,8.534285714285714,7.0
278,1052,56.0,6.82,2,20,19.91,32.62,15.01,5.01,26.71,0.0,0.73,0.0,1.0
292,1095,36.0,0.24,7,14,16.2,69.93,11.49,0.0,2.38,0.0,0.0,0.0,1.0
306,1135,49.5,2.825,7,21,41.195,36.86,21.950000000000003,0.0,0.0,0.0,0.0,0.0,2.0
317,1170,50.0,1.741428571428571,5,17,16.419999999999998,73.37428571428572,4.148571428571428,4.324285714285714,1.5671428571428572,0.0,0.0,0.1642857142857142,7.0
328,1219,29.666666666666668,1.1466666666666667,3,9,4.496666666666667,35.196666666666665,40.41,14.776666666666667,5.12,0.0,0.0,0.0,3.0
334,1230,61.0,2.13,7,21,16.54,72.28,2.63,8.56,0.0,0.0,0.0,0.0,1.0
335,1231,27.2,1.7079999999999995,4,21,29.794,35.944,21.56,9.498,1.82,1.386,0.0,0.0,5.0
339,1243,55.0,1.63,1,15,19.29,55.06,10.65,0.0,15.01,0.0,0.0,0.0,1.0
355,1274,28.5,2.3775,7,9,24.1275,28.03,12.175,27.045,8.412500000000001,0.2075,0.0,0.0,4.0
358,1282,50.25,3.055,1,21,12.965,43.7625,26.6675,14.7175,1.6675,0.22,0.0,0.0,4.0
363,1291,23.0,2.975,1,16,7.140000000000001,89.27833333333335,0.0,0.0,3.5816666666666666,0.0,0.0,0.0,6.0
364,1297,10.0,0.0,2,13,0.0,100.0,0.0,0.0,0.0,0.0,0.0,0.0,1.0
375,1331,34.833333333333336,7.223333333333333,7,21,24.68,33.89333333333334,8.815,27.45833333333333,3.0850000000000004,2.07,0.0,0.0,6.0
385,1360,43.333333333333336,6.343333333333334,1,20,23.46,35.913333333333334,35.70333333333333,4.92,0.0,0.0,0.0,0.0,3.0
387,1364,26.0,0.0,4,17,18.42,43.67,27.9,6.35,3.66,0.0,0.0,0.0,1.0
398,1398,37.0,92.0,4,12,0.0,89.33,10.67,0.0,0.0,0.0,0.0,0.0,1.0
416,1425,19.5,18.505,1,13,5.038333333333333,29.461666666666662,23.90333333333333,15.321666666666667,0.0,4.213333333333334,22.063333333333336,0.0,6.0
446,1556,41.0,3.88,1,19,39.63,37.83,5.54,12.96,4.05,0.0,0.0,0.0,1.0
452,1577,21.0,3.06,1,16,2.8,44.07,11.56,11.47,0.0,0.0,30.09,0.0,1.0
453,1578,49.66666666666666,4.963333333333334,6,21,23.03333333333333,42.92,18.116666666666664,11.48,1.51,2.936666666666667,0.0,0.0,3.0
460,1602,55.142857142857146,2.882857142857143,3,11,32.345714285714294,30.472857142857144,8.11142857142857,25.840000000000003,1.4,0.7728571428571429,1.0557142857142856,0.0,7.0
483,1680,59.0,3.71,7,22,17.34,44.06,27.97,0.0,10.64,0.0,0.0,0.0,1.0
491,1708,36.333333333333336,2.518333333333333,1,13,29.188333333333333,42.125,11.083333333333334,9.028333333333334,5.573333333333333,3.0,0.0,0.0,6.0
501,1740,83.33333333333333,2.76,6,13,22.80333333333333,52.64333333333334,15.996666666666664,4.736666666666667,3.823333333333333,0.0,0.0,0.0,3.0
503,1754,55.5,1.995,3,17,11.8725,51.932500000000005,17.035000000000004,7.375,0.2975,0.16,2.73,8.595,4.0
507,1762,11.0,4.04,7,11,10.15,47.53,37.47,4.85,0.0,0.0,0.0,0.0,1.0
514,1775,38.0,2.18,3,19,24.505,50.05,20.275,3.95,1.22,0.0,0.0,0.0,2.0
516,1778,39.0,1.05,2,23,16.78,25.79,23.5,4.95,3.27,2.65,23.05,0.0,1.0
526,1795,37.0,25.17,1,21,27.73,29.3,17.42,25.55,0.0,0.0,0.0,0.0,1.0
527,1796,121.8,6.247999999999999,7,21,14.75,40.35,12.346,11.292,6.544,0.072,14.65,0.0,5.0
543,1844,22.75,4.5175,1,11,3.6125,29.265,16.4475,13.325,0.24,0.0,37.1075,0.0,4.0
547,1853,126.0,1.34,7,14,15.21,27.22,32.6,9.3,0.0,0.0,0.0,15.67,1.0
559,1882,15.0,8.47,2,23,6.65,76.965,3.09,13.295,0.0,0.0,0.0,0.0,2.0
566,1899,55.0,1.95,6,15,5.78,34.89,34.23,12.57,12.53,0.0,0.0,0.0,1.0
576,1929,14.625,10.57875,7,22,3.42,83.1275,0.0,1.2,10.12375,2.12875,0.0,0.0,8.0
588,1964,63.0,2.36,2,22,26.93,26.42,34.22,10.4,0.0,0.0,0.0,0.0,1.0
600,1995,17.0,9.57,5,15,35.32,54.77,0.0,9.91,0.0,0.0,0.0,0.0,1.0
618,2051,123.33333333333331,2.95,1,22,17.266666666666666,50.10333333333333,5.116666666666667,9.436666666666666,6.669999999999999,0.42,10.986666666666666,0.0,3.0
623,2065,42.6,6.736,2,13,14.677999999999995,31.382,16.058,13.548000000000002,4.662000000000001,0.0,17.334,2.336,5.0
647,2134,26.714285714285715,1.9442857142857144,6,11,17.07857142857143,33.24714285714286,32.28714285714286,10.621428571428572,1.7957142857142856,0.0,4.972857142857143,0.0,7.0
654,2154,35.0,43.0,3,22,18.98,26.35,4.3,1.21,14.17,0.0,34.98,0.0,1.0
668,2224,37.75,5.86875,3,10,10.64125,57.5225,19.75,4.67,5.575,1.84125,0.0,0.0,8.0
676,2260,53.5,9.835,1,21,21.85,25.295,12.135,18.0775,1.4425,0.0,21.2,0.0,4.0
680,2268,40.333333333333336,7.2,2,18,15.47,47.34333333333333,17.796666666666667,16.373333333333335,3.02,0.0,0.0,0.0,3.0
682,2272,38.0,2.78,7,21,20.05,37.595,17.855,4.25,3.925,7.915,0.0,8.41,2.0
683,2274,47.0,0.2,3,12,15.11,59.315,22.805,1.315,1.455,0.0,0.0,0.0,2.0
692,2304,116.0,6.2825,2,22,26.46,42.94,17.72,5.102499999999999,5.2725,2.5125,0.0,0.0,4.0
693,2308,87.8,3.246,7,18,22.86,32.048,20.556,13.604,1.168,1.042,0.0,8.72,5.0
699,2322,32.333333333333336,13.216666666666669,2,10,21.166666666666668,50.23666666666666,18.316666666666663,5.216666666666667,5.056666666666666,0.0,0.0,0.0,3.0
710,2351,19.0,18.23,7,17,0.0,32.56,16.93,18.77,3.89,0.0,27.85,0.0,1.0
711,2352,26.33333333333333,0.9733333333333332,7,22,8.205,68.48,4.336666666666667,18.24833333333333,0.0,0.735,0.0,0.0,6.0
716,2364,29.4,12.102,1,10,17.235999999999997,54.56,16.700000000000003,5.708,5.792,0.0,0.0,0.0,5.0
719,2386,75.0,2.55,2,20,29.83,34.66,14.24,11.55,8.32,0.0,0.0,0.0,1.0
732,2428,30.0,17.165,2,12,30.07,28.395000000000003,22.705,7.73,0.0,0.0,0.0,11.1,2.0
734,2431,71.0,6.463333333333334,2,22,10.456666666666669,42.571666666666665,13.518333333333333,11.555,2.188333333333333,0.9133333333333334,18.79833333333333,0.0,6.0
737,2439,26.0,2.85,3,12,25.52,55.05,19.43,0.0,0.0,0.0,0.0,0.0,1.0
742,2453,27.0,0.79,5,3,33.55,38.64,11.29,8.85,0.0,0.0,0.0,7.67,1.0
743,2454,16.0,0.0,6,11,4.47,52.73,4.05,38.75,0.0,0.0,0.0,0.0,1.0
779,2558,46.0,3.186666666666667,2,10,38.88,36.845,18.06833333333333,2.596666666666667,1.143333333333333,0.0,2.4666666666666663,0.0,6.0
808,2615,27.666666666666668,2.1666666666666665,2,10,13.006666666666668,32.723333333333336,21.67333333333333,26.72333333333333,1.413333333333333,4.463333333333334,0.0,0.0,3.0
810,2621,27.0,2.5,4,22,16.4875,44.125,7.1375,14.2425,18.005,0.0,0.0,0.0,4.0
814,2636,29.0,3.1366666666666667,2,22,33.27,36.61666666666667,27.02333333333333,1.58,1.5066666666666666,0.0,0.0,0.0,3.0
818,2643,56.0,5.95,3,18,22.23,34.67,40.64,2.47,0.0,0.0,0.0,0.0,1.0
830,2679,17.0,24.02,7,21,13.62,75.38,11.0,0.0,0.0,0.0,0.0,0.0,1.0
854,2741,22.0,2.72,7,18,14.13,40.35,40.84,4.68,0.0,0.0,0.0,0.0,1.0
855,2742,32.333333333333336,6.71,3,17,23.936666666666667,28.99666666666667,30.796666666666663,12.006666666666666,4.263333333333333,0.0,0.0,0.0,3.0
868,2784,31.0,3.285,1,21,23.23,30.66,14.515,24.69,0.0,0.0,1.88,5.025,2.0
891,2843,56.0,7.238571428571428,7,16,14.69,21.775714285714287,15.05,8.017142857142856,1.24,1.61,37.62285714285714,0.0,7.0
916,2937,26.0,3.1300000000000003,7,13,16.215,34.275000000000006,17.18,8.407499999999999,1.0375,0.0,22.885,0.0,4.0
917,2941,64.33333333333333,7.641666666666668,2,10,18.28333333333333,46.37166666666666,18.716666666666665,13.608333333333334,1.87,0.0,0.0,1.1466666666666667,6.0
927,2968,40.333333333333336,6.325,1,13,13.685,33.73166666666667,16.673333333333332,14.618333333333334,3.56,2.2916666666666665,15.44,0.0,6.0
929,2982,38.0,0.0,1,18,34.26,28.66,26.85,5.76,4.47,0.0,0.0,0.0,1.0
930,2983,44.75,7.274999999999999,6,10,8.7975,48.4675,33.455,6.702500000000001,2.3675,0.2075,0.0,0.0,4.0
936,2997,41.5,1.695,7,10,15.425,35.675,23.8775,19.4075,0.0,5.615,0.0,0.0,4.0
937,3001,31.0,6.8475,1,12,28.915,28.4475,33.8,4.55,4.29,0.0,0.0,0.0,4.0
951,3055,31.25,11.275,6,0,29.8475,39.71,11.4175,3.0975,6.639999999999999,1.365,7.92,0.0,4.0
956,3072,67.0,3.985,3,18,30.6325,37.29,25.6675,5.137499999999999,0.0,0.0,0.0,1.275,4.0
976,3127,30.666666666666668,6.803333333333334,1,4,12.833333333333334,68.71333333333334,14.21,1.4416666666666669,2.803333333333333,0.0,0.0,0.0,6.0
980,3149,58.66666666666666,10.793333333333331,5,0,29.39333333333333,28.916666666666668,19.28333333333333,19.05,1.7666666666666666,0.0,0.0,0.0,3.0
985,3178,38.8,12.766,7,22,12.544,26.04,25.296,13.972,15.05,0.0,7.098000000000001,0.0,5.0
986,3183,82.0,0.305,3,23,32.915,52.035,6.095,7.550000000000001,1.405,0.0,0.0,0.0,2.0
994,3207,33.5,10.745,6,13,16.47,35.525,26.79,21.215,0.0,0.0,0.0,0.0,2.0
1007,3245,21.75,2.4325,1,22,26.675,30.8825,26.4125,11.87,1.1125,3.0475,0.0,0.0,4.0
1009,3250,61.71428571428572,4.812857142857142,2,8,33.277142857142856,29.95142857142857,14.328571428571433,18.038571428571423,0.0,4.404285714285714,0.0,0.0,7.0
1010,3257,9.0,4.59,2,23,38.33,61.67,0.0,0.0,0.0,0.0,0.0,0.0,1.0
1011,3258,31.6,3.4200000000000004,7,22,27.064000000000004,30.854,22.270000000000003,7.465999999999999,7.74,1.404,3.204,0.0,5.0
1017,3270,39.75,5.217499999999999,2,11,11.96,69.2025,4.445,12.6925,1.7025,0.0,0.0,0.0,4.0
1036,3326,28.285714285714285,4.754285714285714,1,19,22.641428571428573,33.78285714285714,20.077142857142857,18.481428571428573,4.075714285714286,0.9414285714285714,0.0,0.0,7.0
1046,3375,17.5,8.71,5,10,9.73,54.635000000000005,11.79,13.165,0.0,0.0,10.675,0.0,2.0
1075,3434,28.0,9.6925,1,15,28.37875,56.2075,6.04875,7.909999999999999,0.0,0.0,0.8599999999999999,0.5925,8.0
1082,3454,26.0,13.69,7,20,9.48,41.86,0.0,40.96,4.85,2.85,0.0,0.0,1.0
1094,3490,57.5,4.199999999999999,3,23,28.275,46.47,9.4,13.905,1.94,0.0,0.0,0.0,2.0
1095,3492,37.0,0.8,3,18,15.42,47.81,28.47,8.31,0.0,0.0,0.0,0.0,1.0
1097,3510,22.33333333333333,2.17,7,23,13.92,46.88,26.10333333333333,13.103333333333332,0.0,0.0,0.0,0.0,3.0
1100,3517,19.166666666666668,9.348333333333334,2,21,24.426666666666662,43.57833333333334,7.794999999999999,9.51,13.863333333333337,0.0,0.0,0.0,6.0
1110,3539,29.0,5.69,1,19,18.94,58.38,12.46,10.22,0.0,0.0,0.0,0.0,1.0
1118,3552,34.75,5.9075,4,21,5.135,31.81,34.190000000000005,7.699999999999999,8.495,0.0,12.6625,0.0,4.0
1129,3577,40.333333333333336,2.5966666666666667,1,23,21.01,69.02333333333333,6.66,2.393333333333333,0.91,0.0,0.0,0.0,3.0
1133,3592,34.0,12.33,6,1,9.05,81.86,7.02,2.07,0.0,0.0,0.0,0.0,1.0
1146,3621,30.5,3.585,5,8,57.225,32.355000000000004,6.385000000000001,0.0,4.035,0.0,0.0,0.0,2.0
1150,3635,30.0,4.745,6,23,19.915000000000003,40.655,14.83,16.595,8.004999999999999,0.0,0.0,0.0,2.0
1151,3637,26.4,5.0520000000000005,3,8,14.458000000000002,38.982,30.534,11.956,3.79,0.282,0.0,0.0,5.0
1154,3645,37.0,15.36,2,11,50.56,33.49,12.47,0.0,3.48,0.0,0.0,0.0,1.0
1164,3674,44.0,4.43,7,19,20.43,29.26,11.85,4.92,31.73,0.0,1.82,0.0,1.0
1172,3688,24.0,0.0,4,12,32.39,66.61,1.0,0.0,0.0,0.0,0.0,0.0,1.0
1173,3689,43.75,8.86,4,22,27.545,27.1875,34.7225,5.77,3.2975,0.14,1.335,0.0,4.0
1179,3708,31.714285714285715,4.528571428571429,3,14,10.668571428571427,37.20428571428572,19.879999999999995,12.224285714285712,1.0857142857142856,2.0742857142857143,16.860000000000003,0.0,7.0
1184,3723,10.857142857142858,11.415714285714287,3,19,11.662857142857144,34.762857142857136,33.9,15.18,4.4957142857142856,0.0,0.0,0.0,7.0
1188,3737,31.5,14.005,1,22,17.62,32.415,9.16,25.845,11.81,0.0,3.16,0.0,2.0
1191,3743,37.0,3.775,3,15,16.93,27.55,44.15,5.43,0.0,0.0,5.94,0.0,2.0
1194,3747,46.0,4.79,3,21,25.41,53.12,18.98,2.49,0.0,0.0,0.0,0.0,1.0
1208,3778,28.33333333333333,4.761666666666667,5,22,28.83333333333334,60.546666666666674,1.08,3.905,5.635000000000001,0.0,0.0,0.0,6.0
1211,3790,43.8,1.428,2,8,44.68,35.85,16.368000000000002,2.162,0.94,0.0,0.0,0.0,5.0
1216,3805,29.0,15.11,3,13,33.57,56.17,7.16,0.0,3.1,0.0,0.0,0.0,1.0
1220,3815,50.5,1.77,2,11,17.130000000000003,45.79,17.11,5.505,14.465,0.0,0.0,0.0,2.0
1229,3828,52.333333333333336,1.2133333333333336,6,15,11.403333333333334,50.24666666666667,19.086666666666662,16.713333333333335,1.1766666666666663,0.0,1.37,0.0,3.0
1241,3867,39.5,4.1,2,17,3.515,43.72,12.7225,8.3675,4.1850000000000005,0.0,27.49,0.0,4.0
1249,3891,48.0,8.13,5,20,13.72,49.87,4.06,1.55,0.0,0.0,30.81,0.0,1.0
1250,3892,48.0,2.73,3,23,20.18,67.89,7.88,4.04,0.0,0.0,0.0,0.0,1.0
1264,3924,33.75,4.2125,7,19,3.5,60.4975,29.1425,5.24,0.0,0.0,1.625,0.0,4.0
1281,4002,41.0,3.146,7,10,11.414,50.492,23.102,4.62,3.3920000000000003,0.0,0.0,6.984,5.0
1284,4015,45.0,7.23,2,22,16.22,34.51,7.36,1.92,5.42,0.0,34.58,0.0,1.0
1289,4032,28.857142857142858,5.077142857142857,6,13,38.48857142857143,27.467142857142857,18.86714285714286,2.63,2.6557142857142857,6.847142857142857,3.044285714285714,0.0,7.0
1295,4060,33.333333333333336,2.2466666666666666,1,14,18.56,44.46,19.05666666666667,6.423333333333333,11.503333333333332,0.0,0.0,0.0,3.0
1304,4085,34.857142857142854,4.789999999999999,1,17,21.055714285714288,33.58,33.54571428571428,9.904285714285717,1.91,0.0,0.0,0.0,7.0
1312,4105,17.0,0.0,4,12,0.0,100.0,0.0,0.0,0.0,0.0,0.0,0.0,1.0
1317,4110,56.0,7.92,7,20,29.28,40.68,2.65,27.39,0.0,0.0,0.0,0.0,1.0
1354,4200,104.83333333333331,6.718333333333334,2,13,13.431666666666665,28.855,11.875,5.541666666666667,5.483333333333334,14.94,19.875,0.0,6.0
1369,4253,39.66666666666666,1.5133333333333334,4,13,23.203333333333333,50.04666666666666,11.966666666666669,6.326666666666667,8.26,0.1999999999999999,0.0,0.0,3.0
1376,4265,32.0,3.85,2,9,7.64,35.38,30.11,26.87,0.0,0.0,0.0,0.0,1.0
1385,4284,38.333333333333336,22.10666666666667,1,23,7.633333333333333,49.95,10.376666666666669,21.706666666666667,0.0,0.0,10.336666666666668,0.0,3.0
1394,4300,38.8,10.622000000000002,2,5,27.379999999999995,46.696,16.156,9.232,0.0,0.534,0.0,0.0,5.0
1400,4321,31.0,17.337142857142858,1,10,22.932857142857134,31.58571428571429,30.214285714285715,1.7857142857142858,3.735714285714285,0.0,9.745714285714286,0.0,7.0
1404,4333,60.0,4.408888888888889,7,22,15.837777777777776,67.39888888888889,10.712222222222222,5.578888888888889,0.4711111111111111,0.0,0.0,0.0,9.0
1405,4342,31.33333333333333,5.6066666666666665,5,11,23.12,33.11333333333334,25.73333333333333,13.683333333333332,3.0066666666666664,1.336666666666667,0.0,0.0,3.0
1410,4372,38.0,2.51,4,15,24.48,61.4,12.49,1.63,0.0,0.0,0.0,0.0,1.0
1420,4395,92.85714285714286,5.522857142857142,4,2,18.12,34.13285714285714,25.02857142857143,10.05714285714286,4.61,1.2128571428571429,6.65,0.0,7.0
1422,4407,40.0,6.306666666666668,6,10,20.10333333333333,49.61666666666667,24.736666666666668,0.7000000000000001,4.846666666666667,0.0,0.0,0.0,3.0
1426,4415,25.0,3.74,2,22,35.95,29.505000000000003,29.735,4.805,0.0,0.0,0.0,0.0,2.0
1435,4430,22.0,6.7250000000000005,1,18,27.235,44.14,5.755,2.41,20.46,0.0,0.0,0.0,2.0
1437,4434,34.375,7.79,3,2,21.793750000000003,56.925,6.49375,3.44875,10.3475,0.99,0.0,0.0,8.0
1440,4447,44.0,13.47,3,2,25.41,30.105,10.97,33.515,0.0,0.0,0.0,0.0,2.0
1444,4455,56.0,3.37,4,13,13.42,23.46,36.26,1.93,1.95,0.0,22.97,0.0,1.0
1455,4470,52.333333333333336,23.536666666666665,4,18,19.066666666666663,33.98666666666667,36.45666666666667,2.373333333333333,0.0,0.0,8.113333333333333,0.0,3.0
1474,4526,18.33333333333333,12.268333333333333,3,8,7.923333333333333,31.843333333333334,36.973333333333336,6.02,0.6733333333333333,1.76,14.806666666666668,0.0,6.0
1484,4550,84.0,8.06,7,19,14.58,45.52,6.23,10.44,4.42,0.0,18.81,0.0,1.0
1501,4578,93.25,12.5775,2,16,15.0125,44.1625,18.905,8.94,6.6175,4.05,2.31,0.0,4.0
1511,4595,62.0,34.17,1,11,45.66,31.0,17.6,0.0,0.0,0.0,5.75,0.0,1.0
1512,4596,45.375,3.19125,3,10,18.68125,59.916250000000005,7.08375,8.309999999999999,4.15875,1.84875,0.0,0.0,8.0
1517,4608,60.0,4.09,1,21,30.54,27.13,15.42,10.13,14.34,0.0,0.0,2.44,1.0
1520,4611,30.0,47.87,5,11,60.34,33.36,6.3,0.0,0.0,0.0,0.0,0.0,1.0
1522,4615,36.5,2.408333333333333,3,10,10.94,39.673333333333325,1.38,47.36833333333334,0.6366666666666666,0.0,0.0,0.0,6.0
1553,4662,105.0,9.79,1,4,9.92,28.45,29.21,20.74,11.68,0.0,0.0,0.0,1.0
2,23,26.0,2.97,6,23,24.1,22.29,38.69,14.92,0.0,0.0,0.0,0.0,1.0
5,76,21.0,11.76,2,23,6.84,0.0,24.02,26.87,10.21,0.0,32.06,0.0,1.0
11,113,46.8,17.497999999999998,1,11,31.646000000000004,5.223999999999999,4.274,12.878,5.016,3.686,36.898,0.0,5.0
14,128,33.285714285714285,3.36,7,22,40.201428571428565,18.102857142857143,12.04857142857143,14.247142857142856,10.541428571428572,0.0,4.855714285714285,0.0,7.0
20,146,48.0,3.94,2,9,30.215,13.69,21.270000000000003,20.725,0.0,7.99,6.115,0.0,2.0
21,148,19.0,0.7875000000000001,3,20,28.737500000000004,0.0,30.5525,34.2,5.6425,0.0,0.8675,0.0,4.0
22,152,31.5,2.1025,7,16,18.39,20.7125,21.3475,17.497500000000002,16.214999999999996,3.7,2.135,0.0,4.0
24,157,14.0,7.49,1,11,67.74,0.0,0.0,32.26,0.0,0.0,0.0,0.0,1.0
25,158,32.75,4.8975,2,19,14.43,24.8275,21.915,23.435,10.2825,5.115,0.0,0.0,4.0
27,163,24.0,2.811666666666667,1,20,30.25833333333333,22.345,41.376666666666665,5.328333333333333,0.6916666666666668,0.0,0.0,0.0,6.0
29,171,39.66666666666666,7.77,5,12,18.225,13.985,15.951666666666666,20.13833333333333,4.751666666666666,0.0,26.94666666666667,0.0,6.0
30,177,26.0,9.91,3,19,82.54,0.0,0.0,17.46,0.0,0.0,0.0,0.0,1.0
31,178,53.5,4.85,7,19,25.7,23.32,21.485,15.395,6.17,7.925,0.0,0.0,2.0
32,180,80.0,2.78,1,23,23.13,17.26,40.4,6.15,4.68,5.16,3.2,0.0,1.0
33,181,30.6,4.542,1,21,22.020000000000003,26.048,28.656,16.892,4.79,0.0,1.59,0.0,5.0
35,187,31.0,2.9325,2,20,34.12,0.0,31.1375,34.7425,0.0,0.0,0.0,0.0,4.0
36,191,42.0,7.48,2,8,28.01,6.23,30.64,20.6,14.52,0.0,0.0,0.0,1.0
44,219,51.0,0.0,7,18,60.78,0.0,7.08,0.0,0.0,0.0,32.14,0.0,1.0
47,224,39.0,1.09,7,18,15.04,18.39,45.89,17.33,3.35,0.0,0.0,0.0,1.0
64,316,28.0,13.05,7,14,24.45,0.0,29.22,19.09,23.12,0.0,4.11,0.0,1.0
68,335,71.75,9.357500000000002,7,23,56.11,17.752499999999998,17.4925,5.757499999999999,2.2375,0.0,0.6475,0.0,4.0
73,360,30.0,6.75,1,19,55.42,0.0,44.58,0.0,0.0,0.0,0.0,0.0,1.0
77,379,20.33333333333333,2.95,1,11,15.698333333333336,4.685,17.048333333333336,18.3,19.716666666666665,0.4716666666666667,24.078333333333337,0.0,6.0
79,388,23.0,12.09,1,19,60.89,0.0,20.79,16.22,2.1,0.0,0.0,0.0,1.0
82,396,52.4,7.278,3,22,25.324,12.366,33.762,10.706,5.13,0.0,12.712,0.0,5.0
86,405,48.5,4.03,2,13,38.79,20.655,15.055,16.36,0.0,7.735,1.405,0.0,2.0
87,407,34.25,12.52875,5,12,34.825,0.0,27.49125,11.78375,23.3725,2.52625,0.0,0.0,8.0
91,418,45.0,4.475,5,16,60.760000000000005,0.0,14.855,14.415,9.97,0.0,0.0,0.0,2.0
92,420,30.666666666666668,0.8966666666666666,2,23,38.99,0.0,0.7833333333333333,34.20666666666667,15.173333333333332,6.583333333333333,2.376666666666667,1.893333333333333,3.0
93,423,5.0,0.0,2,22,100.0,0.0,0.0,0.0,0.0,0.0,0.0,0.0,1.0
94,424,50.75,3.01,3,18,87.6825,0.0,5.3125,6.3125,0.695,0.0,0.0,0.0,4.0
95,428,74.5,4.045,6,3,27.775,14.47,30.47,9.155,1.945,0.0,7.895,0.0,2.0
98,433,37.0,5.47,1,18,27.59,0.0,47.58,24.83,0.0,0.0,0.0,0.0,1.0
99,434,24.0,11.79,1,22,69.35,0.0,5.24,25.41,0.0,0.0,0.0,0.0,1.0
102,441,72.0,5.79,2,12,20.61,4.6,51.37,23.43,0.0,0.0,0.0,0.0,1.0
104,444,37.5,1.3233333333333333,5,11,7.578333333333333,16.59,28.31,11.615,6.458333333333333,2.353333333333333,27.093333333333334,0.0,6.0
109,458,21.83333333333333,7.348333333333334,1,16,17.105,0.0,34.71666666666666,21.32,16.021666666666665,5.226666666666667,0.0,5.608333333333333,6.0
118,508,38.333333333333336,3.801666666666667,7,16,38.048333333333325,0.0,25.27666666666666,19.256666666666664,10.376666666666669,0.91,6.13,0.0,6.0
120,515,23.857142857142858,5.132857142857143,7,20,34.87285714285714,8.584285714285715,27.80142857142857,16.99,5.2557142857142845,0.0,6.4957142857142856,0.0,7.0
126,547,47.5,11.34,6,13,11.305,0.0,30.385,29.51,18.405,0.48,9.92,0.0,2.0
130,552,41.0,9.15,3,20,47.72,0.0,26.685,19.535,6.065,0.0,0.0,0.0,2.0
134,557,34.0,8.23,1,14,26.32,0.0,16.995,34.620000000000005,20.795,0.0,1.265,0.0,2.0
135,559,40.0,13.84,4,12,30.904,1.192,27.104000000000003,24.248,15.718,0.0,0.834,0.0,5.0
138,573,54.5,10.0475,3,16,35.42,0.0,19.0025,36.39,5.1325,2.405,0.0,1.6475,4.0
144,588,14.0,4.255,7,22,35.875,0.0,37.16,16.595,10.37,0.0,0.0,0.0,2.0
148,604,38.25,2.2525,4,18,13.8475,0.0,46.3275,27.345,12.035,0.445,0.0,0.0,4.0
151,610,37.0,28.21,5,12,23.365,0.0,9.98,34.03,11.935,0.0,10.66,0.0,2.0
155,617,22.666666666666668,5.346666666666667,6,22,19.596666666666668,0.0,15.99,23.096666666666664,35.053333333333335,6.266666666666667,0.0,0.0,3.0
158,622,30.4,3.652,5,11,43.824,2.67,30.886,9.58,4.516,0.0,0.0,8.522,5.0
161,639,48.5,9.135,3,18,47.065,0.0,17.705,28.185,0.815,2.355,3.88,0.0,2.0
168,659,27.666666666666668,9.351666666666668,3,14,53.49666666666666,1.2616666666666667,20.58,10.51,11.248333333333331,2.901666666666667,0.0,0.0,6.0
169,665,23.0,32.17,7,19,55.09,0.0,44.91,0.0,0.0,0.0,0.0,0.0,1.0
170,666,39.5,9.0775,3,14,47.56,16.57,13.1025,14.915,7.854999999999999,0.0,0.0,0.0,4.0
171,670,34.0,15.68,6,22,25.86,21.74,27.18,25.22,0.0,0.0,0.0,0.0,1.0
173,682,17.0,13.91,7,12,44.31,0.0,40.13,0.0,15.57,0.0,0.0,0.0,1.0
175,690,37.0,4.99,1,10,34.74,14.77,38.33,2.87,9.29,0.0,0.0,0.0,1.0
176,691,53.0,7.5,4,9,22.71,0.0,33.09,40.61,3.59,0.0,0.0,0.0,1.0
177,692,25.0,6.97,1,0,7.48,0.0,35.93,29.4,19.24,0.0,0.0,7.95,1.0
178,693,24.75,16.23,7,9,17.37,24.405,29.525,11.1125,2.0575,0.0,15.5275,0.0,4.0
181,717,22.0,4.72,4,7,35.705,0.0,31.23,27.535,5.53,0.0,0.0,0.0,2.0
194,750,31.33333333333333,3.605,7,15,25.195000000000004,10.995,14.736666666666666,13.715000000000002,6.408333333333334,4.641666666666667,24.305,0.0,6.0
198,766,29.0,15.3,2,22,15.99,0.0,27.2,29.27,1.58,0.0,0.0,25.96,1.0
201,771,24.0,7.35,4,23,37.72,0.0,26.48,22.43,13.38,0.0,0.0,0.0,1.0
203,773,59.6,8.44,2,17,27.324,17.856,19.140000000000004,25.6,7.917999999999999,2.16,0.0,0.0,5.0
204,778,25.0,0.88,2,12,27.92,18.34,25.18,0.0,0.0,0.0,28.55,0.0,1.0
205,779,37.0,5.03,3,1,22.79,0.0,39.4,25.17,12.64,0.0,0.0,0.0,1.0
207,793,38.285714285714285,11.47,5,21,12.604285714285714,13.295714285714284,40.46142857142856,29.38428571428571,4.254285714285714,0.0,0.0,0.0,7.0
214,824,20.0,2.4666666666666663,2,19,20.916666666666668,0.4333333333333333,29.30333333333333,11.808333333333332,3.315,0.0,34.223333333333336,0.0,6.0
216,836,24.0,1.635,1,22,73.935,0.0,26.065,0.0,0.0,0.0,0.0,0.0,2.0
225,859,61.0,7.26,7,1,36.13,0.0,20.98,35.93,5.17,1.79,0.0,0.0,1.0
226,860,34.0,6.44,7,21,59.44,0.0,10.005,15.025,10.065,5.465,0.0,0.0,2.0
228,864,66.25,12.09,2,12,19.8325,11.0925,42.7325,25.36,0.6175,0.0,0.365,0.0,4.0
230,870,66.0,2.62,7,21,64.7,0.0,24.59,10.27,0.0,0.43,0.0,0.0,1.0
236,898,41.25,4.74,2,12,29.835,0.0,33.0825,19.6375,8.012500000000001,0.0,9.435,0.0,4.0
237,902,11.0,0.0,1,19,61.67,0.0,33.0,5.33,0.0,0.0,0.0,0.0,1.0
240,912,36.0,6.86,3,20,26.87,18.41,39.14,15.58,0.0,0.0,0.0,0.0,1.0
244,922,31.0,1.65,1,14,51.315,0.0,37.33,0.0,0.0,3.2,0.0,8.15,2.0
245,924,48.0,7.35,7,20,47.945,0.0,25.855,16.005,6.494999999999999,3.7,0.0,0.0,2.0
246,926,63.333333333333336,8.353333333333333,6,9,23.01,23.55,25.53333333333333,13.663333333333334,12.92,0.0,1.3233333333333337,0.0,3.0
247,929,58.333333333333336,16.16,2,12,27.57333333333333,0.0,16.993333333333332,22.923333333333336,32.35,0.16,0.0,0.0,3.0
258,963,44.0,2.9,7,23,70.64,0.0,24.87,4.49,0.0,0.0,0.0,0.0,1.0
259,964,23.0,2.54,1,11,65.11,0.0,14.75,11.59,8.55,0.0,0.0,0.0,1.0
262,996,28.666666666666668,3.0933333333333337,1,10,71.07333333333334,0.0,16.813333333333333,0.65,2.1,9.043333333333331,0.3166666666666666,0.0,3.0
266,1007,5.0,0.0,1,6,100.0,0.0,0.0,0.0,0.0,0.0,0.0,0.0,1.0
270,1021,49.0,1.2739999999999998,1,22,9.934,0.942,32.126,22.842,6.176,0.0,16.599999999999998,11.382,5.0
280,1054,30.0,10.861666666666666,1,12,22.70833333333333,17.856666666666666,8.951666666666666,20.625,8.31,3.535,18.011666666666667,0.0,6.0
281,1060,53.0,34.39,3,12,35.27,0.0,22.91,31.51,6.04,0.0,4.27,0.0,1.0
282,1061,30.0,0.6933333333333334,2,16,32.23333333333334,22.41,27.47666666666667,6.329999999999999,11.55,0.0,0.0,0.0,3.0
285,1067,55.25,2.1875,7,22,58.5825,24.335,8.5775,3.4675,1.84,0.0,0.0,3.1975,4.0
286,1071,25.666666666666668,7.816666666666666,3,21,30.183333333333337,24.703333333333333,21.13,14.6,0.0,0.0,9.383333333333333,0.0,3.0
288,1075,25.25,6.8225,2,11,30.3825,3.625,30.880000000000003,12.1825,1.665,0.0,21.2675,0.0,4.0
289,1079,26.83333333333333,9.761666666666668,7,15,27.335,22.950000000000003,19.075,18.951666666666668,11.686666666666667,0.0,0.0,0.0,6.0
293,1096,28.0,18.02,7,14,29.66,25.71,9.89,10.29,24.46,0.0,0.0,0.0,1.0
294,1097,35.666666666666664,4.876666666666666,7,21,33.946666666666665,23.39333333333333,24.816666666666663,16.21666666666667,1.2666666666666666,0.3666666666666667,0.0,0.0,3.0
295,1100,31.4,2.0200000000000005,3,8,47.296,18.554,30.526,0.0,3.626,0.0,0.0,0.0,5.0
296,1105,32.666666666666664,2.083333333333333,3,16,60.84666666666667,0.0,33.93333333333333,5.22,0.0,0.0,0.0,0.0,3.0
297,1108,56.0,15.16,2,11,36.855,0.0,32.705,13.09,17.35,0.0,0.0,0.0,2.0
298,1110,20.33333333333333,3.986666666666667,6,10,13.716666666666669,3.0933333333333337,30.396666666666665,23.346666666666664,29.45,0.0,0.0,0.0,3.0
301,1115,50.75,7.202500000000001,7,12,27.770000000000003,0.0,33.785,21.1375,12.99,0.2225,0.1925,3.9025,4.0
302,1119,46.0,8.74,7,20,18.99,0.0,30.08,23.01,0.0,0.0,27.92,0.0,1.0
303,1120,30.4,9.508,3,15,31.94,1.0779999999999998,26.646000000000004,37.718,0.962,0.44,1.216,0.0,5.0
307,1137,57.6,8.0,1,14,8.197999999999999,12.874,41.7,34.44199999999999,2.784,0.0,0.0,0.0,5.0
309,1143,23.5,0.185,3,21,38.555,0.0,36.74,22.89,1.82,0.0,0.0,0.0,2.0
313,1157,35.5,18.7,1,22,30.715000000000003,8.205,33.115,10.655,8.78,8.53,0.0,0.0,2.0
314,1159,16.625,5.17375,1,11,42.2,0.0,15.19875,15.791249999999998,1.06375,13.03375,12.7125,0.0,8.0
316,1169,16.0,2.47,5,5,35.25,0.0,5.96,27.52,31.27,0.0,0.0,0.0,1.0
318,1177,29.0,4.608333333333333,2,13,18.06,10.716666666666669,15.38833333333333,18.776666666666667,0.2716666666666666,0.0,36.785,0.0,6.0
321,1185,26.666666666666668,6.266666666666667,2,13,86.35333333333334,0.0,10.72,0.0,0.0,0.0,0.0,0.0,3.0
324,1202,73.0,2.354,2,22,46.892,19.542,16.81,15.23,0.8619999999999999,0.0,0.6639999999999999,0.0,5.0
325,1207,62.0,28.43,4,20,74.7,5.59,19.7,0.0,0.0,0.0,0.0,0.0,1.0
336,1236,59.25,4.6425,2,23,19.015,4.505,21.8825,18.08,5.76,0.0,30.752500000000005,0.0,4.0
338,1241,31.0,1.43,7,23,25.705,4.5200000000000005,21.7,3.47,2.31,0.49,38.465,0.0,2.0
340,1244,37.25,12.9425,7,20,12.0975,5.38,44.6025,19.375,2.055,0.0,16.4875,0.0,4.0
348,1259,32.0,11.33,6,21,50.66,2.49,19.02,21.0,6.83,0.0,0.0,0.0,1.0
352,1264,40.0,6.136666666666667,6,17,28.77,0.0,32.00333333333334,18.35,3.49,0.0,13.116666666666667,4.266666666666667,3.0
353,1267,38.0,4.71,1,23,38.5675,22.9575,34.535,0.0,0.91,3.0325,0.0,0.0,4.0
354,1271,43.0,4.036666666666666,5,18,65.72666666666667,0.0,29.153333333333336,0.0,0.0,0.0,0.0,0.0,3.0
357,1281,5.0,2.01,2,10,100.0,0.0,0.0,0.0,0.0,0.0,0.0,0.0,1.0
365,1298,17.4,13.675999999999998,7,13,11.706,2.214,38.928,30.756,4.930000000000001,2.948,8.52,0.0,5.0
366,1303,90.5,24.505000000000003,4,0,21.62,0.0,17.66,36.715,24.005000000000003,0.0,0.0,0.0,2.0
367,1305,40.0,4.86,1,22,61.63,0.0,32.75,5.61,0.0,0.0,0.0,0.0,1.0
368,1306,49.833333333333336,3.73,1,10,16.810000000000002,12.416666666666666,36.961666666666666,16.721666666666664,16.85666666666667,0.24,0.0,0.0,6.0
369,1312,50.0,5.8585714285714285,3,2,35.50285714285714,25.121428571428574,18.15,13.898571428571428,4.088571428571429,0.7285714285714285,2.505714285714286,0.0,7.0
370,1319,30.5,4.993333333333333,7,17,9.173333333333334,2.43,23.96166666666667,18.43166666666667,3.356666666666667,0.6166666666666667,42.03,0.0,6.0
371,1325,33.0,6.93,4,20,60.325,0.0,24.93,0.0,14.745,0.0,0.0,0.0,2.0
372,1327,37.5,6.105,2,23,33.525,16.695,5.28,11.645,16.3,16.555,0.0,0.0,2.0
378,1342,26.33333333333333,5.873333333333334,3,18,25.845,20.161666666666665,29.235,20.94833333333333,0.13,0.475,0.0,0.0,6.0
380,1350,81.0,3.54,3,0,56.36,0.0,11.6,6.74,15.82,9.48,0.0,0.0,1.0
381,1351,37.5,1.22,6,10,6.0600000000000005,0.0,21.795,23.185,9.835,12.625,26.505000000000003,0.0,2.0
388,1365,28.0,11.548000000000002,2,10,8.879999999999999,16.794,29.648000000000003,34.024,5.018000000000001,0.636,4.998,0.0,5.0
389,1370,19.0,0.0,5,16,48.85,0.0,35.5,15.65,0.0,0.0,0.0,0.0,1.0
392,1382,41.333333333333336,6.2700000000000005,2,18,48.06333333333333,0.0,21.14333333333333,26.656666666666663,4.133333333333333,0.0,0.0,0.0,3.0
393,1385,46.2,4.266,1,22,35.144,7.33,18.666,22.682,6.731999999999999,9.448,0.0,0.0,5.0
394,1390,26.0,0.9,2,12,66.68,0.0,19.12,14.19,0.0,0.0,0.0,0.0,1.0
397,1394,33.5,12.5775,7,11,34.135,18.9975,10.16,9.4175,3.4975,0.0,22.22,0.0,4.0
402,1402,35.0,22.93,3,14,58.73,0.0,14.05,4.720000000000001,10.935,8.285,3.28,0.0,2.0
405,1407,33.5,5.005,3,13,39.92,0.0,31.47,15.555,10.59,2.47,0.0,0.0,2.0
407,1410,32.0,7.01,2,20,63.7,0.0,6.88,16.63,12.8,0.0,0.0,0.0,1.0
409,1412,47.0,12.103333333333332,2,22,37.56333333333333,0.0,30.416666666666668,22.63,9.146666666666668,0.2466666666666666,0.0,0.0,3.0
418,1432,30.75,6.3775,7,20,13.41,23.14,30.7975,28.455,4.199999999999999,0.0,0.0,0.0,4.0
423,1457,63.66666666666666,6.953333333333333,1,16,31.706666666666667,0.0,38.91333333333333,16.81,9.363333333333337,3.2066666666666666,0.0,0.0,3.0
424,1460,48.0,4.57,5,12,50.41,8.88,33.05,5.42,2.24,0.0,0.0,0.0,1.0
426,1465,27.0,3.02,3,17,29.15,0.0,42.76,28.09,0.0,0.0,0.0,0.0,1.0
428,1483,33.0,2.1,4,11,27.79,26.69,22.68,18.01,4.83,0.0,0.0,0.0,1.0
429,1484,46.0,8.5075,3,0,35.302499999999995,8.442499999999999,25.0775,17.990000000000002,11.65,0.375,1.155,0.0,4.0
432,1497,24.666666666666668,10.886666666666663,4,11,30.35333333333333,0.0,37.04333333333333,22.28,10.323333333333332,0.0,0.0,0.0,3.0
433,1500,43.0,4.3133333333333335,3,15,34.06333333333333,0.0,22.570000000000004,28.85333333333333,5.03,5.316666666666666,4.166666666666667,0.0,3.0
434,1503,28.0,16.11,2,18,17.22,22.28,12.043333333333331,32.14333333333334,11.786666666666669,3.27,1.2633333333333334,0.0,3.0
435,1506,29.857142857142858,7.684285714285714,1,16,25.66857142857143,24.01,29.41,10.462857142857144,6.742857142857142,0.0,3.7028571428571433,0.0,7.0
442,1530,28.0,11.91,1,23,44.18,10.28,2.96,33.69,8.89,0.0,0.0,0.0,1.0
447,1557,12.857142857142858,4.227142857142857,2,7,26.012857142857143,24.582857142857144,26.33285714285714,17.314285714285713,5.757142857142857,0.0,0.0,0.0,7.0
448,1564,30.0,5.125,2,22,28.92875,5.668749999999999,24.45625,27.90375,11.7525,1.29125,0.0,0.0,8.0
454,1581,26.5,15.67,2,8,15.875,23.040000000000003,4.515,27.48,18.83,3.755,0.0,6.51,2.0
455,1583,27.5,0.0,7,22,56.36,0.0,19.17,17.384999999999998,2.375,0.92,3.78,0.0,2.0
456,1585,42.5,12.49,7,22,13.31,1.76,15.325,28.37,0.0,0.0,41.235,0.0,2.0
461,1609,35.0,15.745,7,15,20.455,0.0,37.975,32.635,7.975,0.0,0.0,0.0,2.0
463,1612,70.0,19.07,2,19,50.81,0.0,29.3,10.26,9.63,0.0,0.0,0.0,1.0
465,1616,18.0,3.978,7,19,14.294,10.71,14.602,11.11,30.41,14.382,0.5940000000000001,3.894,5.0
470,1636,9.0,0.0,3,0,100.0,0.0,0.0,0.0,0.0,0.0,0.0,0.0,1.0
471,1637,20.4,2.234,2,18,25.464,0.0,3.922,32.046,20.258,13.476,4.832,0.0,5.0
473,1643,48.5,5.895,5,17,26.7925,0.0,50.6525,22.555,0.0,0.0,0.0,0.0,4.0
476,1652,39.5,18.385,2,21,68.51,3.925,24.825000000000003,0.0,0.0,0.0,0.0,0.0,2.0
478,1671,76.33333333333333,3.11,6,20,36.086666666666666,13.11,40.60666666666666,5.636666666666667,4.56,0.0,0.0,0.0,3.0
479,1674,55.0,3.28,3,23,49.46,0.0,10.36,0.0,0.0,0.0,40.18,0.0,1.0
480,1675,17.0,2.36,2,0,100.0,0.0,0.0,0.0,0.0,0.0,0.0,0.0,1.0
481,1676,42.333333333333336,26.03,2,14,51.27333333333333,11.329999999999998,4.57,17.01,9.866666666666667,0.0,5.57,0.3766666666666666,3.0
485,1693,13.0,10.12,6,15,29.94,0.0,14.56,27.67,16.28,11.55,0.0,0.0,1.0
486,1694,25.0,1.3033333333333337,1,21,42.11333333333334,0.0,35.203333333333326,21.87,0.8133333333333334,0.0,0.0,0.0,3.0
487,1697,38.66666666666666,5.420000000000001,6,21,28.30666666666667,26.613333333333333,20.28,14.44,6.760000000000001,0.0,3.6,0.0,3.0
490,1704,97.25,3.9075,5,10,74.9225,0.0,19.9825,4.7275,0.3675,0.0,0.0,0.0,4.0
492,1714,68.0,5.665,3,22,27.07,12.66,31.825,19.76,3.41,3.165,2.11,0.0,2.0
494,1718,39.75,5.4425,5,14,28.6275,9.105,30.382500000000004,22.4275,9.4575,0.0,0.0,0.0,4.0
498,1726,28.5,8.533333333333333,4,10,14.803333333333333,0.0,45.55666666666667,39.63666666666666,0.0,0.0,0.0,0.0,6.0
500,1738,43.0,9.27,4,11,27.265,12.39,27.045,28.8,0.0,0.0,4.5,0.0,2.0
504,1758,20.0,10.32,2,0,26.23,22.79,12.59,32.73,5.66,0.0,0.0,0.0,1.0
505,1759,28.0,1.49,2,23,23.555,21.595,38.155,15.28,0.0,0.0,1.42,0.0,2.0
511,1769,75.0,6.42,2,11,50.34,17.34,7.6,0.0,13.77,10.95,0.0,0.0,1.0
515,1777,42.0,4.86,5,11,45.36,0.0,13.07,40.12,0.0,0.0,0.0,1.45,1.0
517,1779,21.5,2.6049999999999995,1,10,46.59,2.07,20.33,22.24,8.77,0.0,0.0,0.0,2.0
520,1784,62.5,3.525,1,17,28.0,20.62,16.305,13.295,21.785,0.0,0.0,0.0,2.0
521,1786,17.0,7.09,6,1,34.87,0.0,8.7,27.56,6.18,0.0,0.0,0.0,1.0
525,1790,23.8,1.268,2,23,38.014,0.0,35.32,11.56,12.22,2.888,0.0,0.0,5.0
532,1811,29.5,16.75,6,12,32.97,0.0,33.255,0.365,21.32,12.085,0.0,0.0,2.0
533,1813,28.2,10.23,2,23,16.69,9.248,33.866,35.256,3.834000000000001,0.0,1.104,0.0,5.0
535,1819,22.5,3.611666666666667,4,23,25.94833333333333,12.365,40.42666666666667,15.501666666666663,2.9883333333333333,0.0,2.768333333333333,0.0,6.0
536,1825,28.6,4.28,6,12,46.328,12.02,35.314,4.666,1.67,0.0,0.0,0.0,5.0
537,1830,48.0,1.26,2,12,39.74,11.18,21.26,0.0,0.0,0.0,27.82,0.0,1.0
541,1838,57.5,4.175,5,23,26.4075,4.657500000000001,30.7425,17.432499999999997,2.2875,0.0,18.4775,0.0,4.0
548,1854,27.5,4.4,3,10,20.475,12.415,30.42,28.24,3.02,0.0,0.0,5.43,2.0
549,1856,34.25,12.04,7,20,41.845,0.0,25.3525,27.59,4.8925,0.0,0.0,0.3225,4.0
551,1862,32.42857142857143,16.614285714285714,3,10,12.111428571428572,24.74571428571428,41.16285714285714,12.242857142857144,3.4057142857142857,0.0,3.852857142857143,2.4771428571428573,7.0
555,1873,24.0,16.876666666666665,6,11,55.57666666666668,0.0,0.0,32.42666666666667,11.996666666666668,0.0,0.0,0.0,3.0
557,1877,35.5,8.5,3,23,36.405,0.0,41.93,9.95,0.0,0.0,11.71,0.0,2.0
560,1884,27.0,30.575,2,10,65.575,0.0,13.04,20.205,1.185,0.0,0.0,0.0,2.0
561,1886,64.0,19.625,5,12,38.48,24.115,22.61,6.435,4.37,0.0,3.99,0.0,2.0
562,1888,38.0,47.62,5,10,37.49,0.0,27.77,7.51,27.23,0.0,0.0,0.0,1.0
568,1903,76.25,1.73,7,13,36.26,0.0,33.7525,28.012500000000003,0.55,0.0,1.4275,0.0,4.0
569,1907,28.0,3.535,6,17,14.73,1.805,44.58,10.36,28.525,0.0,0.0,0.0,2.0
571,1912,25.0,6.246666666666667,4,12,27.293333333333333,0.0,24.96,18.106666666666666,21.97,6.06,1.6133333333333333,0.0,3.0
573,1916,26.25,39.7225,7,23,39.825,0.0,15.8425,9.735,28.25,2.4275,0.0,0.0,4.0
575,1922,37.71428571428572,6.468571428571428,6,12,24.77142857142857,9.58,28.07857142857143,8.684285714285714,12.08857142857143,0.0,16.797142857142855,0.0,7.0
577,1937,36.5,11.9825,2,11,33.53,20.395,13.1325,11.5625,0.0,2.2375,18.3625,0.0,4.0
582,1951,36.5,4.705,6,11,36.54,0.0,41.025,19.255,0.0,0.0,0.0,3.18,2.0
584,1956,10.0,7.81,7,20,40.83,15.83,0.0,27.54,15.8,0.0,0.0,0.0,1.0
585,1957,33.333333333333336,5.6933333333333325,1,18,48.88666666666666,0.0,32.16,7.876666666666668,10.57,0.0,0.0,0.5066666666666667,3.0
586,1960,28.33333333333333,1.5133333333333334,2,9,23.69333333333333,0.0,35.93666666666667,40.370000000000005,0.0,0.0,0.0,0.0,3.0
589,1965,72.0,12.0,1,12,30.45,0.0,15.57,24.58,27.25,0.0,2.14,0.0,1.0
590,1966,27.0,4.16,1,23,35.02,11.98,36.69,5.53,10.78,0.0,0.0,0.0,1.0
596,1985,25.2,2.88,7,17,24.086,14.978,37.726,14.994,6.717999999999999,0.0,1.502,0.0,5.0
602,1997,23.75,14.11,1,11,15.875,26.765,16.8575,22.205,18.3,0.0,0.0,0.0,4.0
603,2001,40.4,9.764,5,1,12.102,12.656,12.488,13.914,20.436,0.0,0.0,28.402000000000005,5.0
608,2024,26.0,4.926,4,9,27.41,0.0,38.188,15.77,5.874,0.0,5.72,7.042,5.0
609,2029,50.0,17.709999999999997,4,14,40.38999999999999,0.0,16.39,26.350000000000005,15.893333333333333,0.0,0.9733333333333332,0.0,3.0
612,2034,33.0,10.4,1,14,29.835,14.14,21.09,1.085,14.61,14.145,0.0,5.09,2.0
616,2043,35.142857142857146,5.951428571428572,7,15,27.695714285714285,24.35714285714286,33.22714285714286,10.794285714285715,0.7728571428571429,1.3942857142857144,1.7614285714285711,0.0,7.0
617,2050,19.0,0.0,5,1,43.63,0.0,0.0,0.0,24.36,0.0,0.0,0.0,1.0
619,2054,44.5,2.225,1,21,49.44,0.0,28.21,21.5,0.855,0.0,0.0,0.0,2.0
627,2076,28.5,3.8925,5,15,49.94,10.0925,11.4575,27.54,0.97,0.0,0.0,0.0,4.0
630,2083,49.0,5.005000000000001,2,10,32.025,19.725,28.09,18.49,0.0,0.0,0.0,0.0,2.0
632,2091,48.0,6.62,2,12,79.06,0.0,11.74,9.2,0.0,0.0,0.0,0.0,1.0
634,2098,25.714285714285715,5.297142857142857,7,21,16.155714285714286,1.0814285714285714,22.54428571428571,15.46714285714286,9.471428571428572,1.6585714285714286,33.61857142857143,0.0,7.0
637,2116,38.0,5.7,3,16,24.0,12.45,41.58,21.97,0.0,0.0,0.0,0.0,1.0
638,2117,16.5,5.27,6,10,54.125,0.0,18.395,0.0,0.0,0.0,0.0,27.475,2.0
640,2122,49.0,13.055,2,14,42.44,10.275,22.415,17.43,7.435,0.0,0.0,0.0,2.0
641,2124,45.0,6.835,5,8,40.845,2.895,35.895,16.975,3.39,0.0,0.0,0.0,2.0
642,2126,39.0,4.72,2,0,10.31,0.0,34.93,19.11,0.0,0.0,35.65,0.0,1.0
643,2127,25.0,4.88,5,10,36.045,0.0,9.745,33.475,20.74,0.0,0.0,0.0,2.0
644,2129,28.5,11.885,2,12,46.985,0.0,13.665,1.1,25.785,0.0,0.0,9.375,2.0
645,2131,34.0,2.855,2,20,34.785000000000004,11.245,18.89,16.57,8.005,10.5,0.0,0.0,2.0
650,2146,26.666666666666668,4.283333333333333,6,9,18.10333333333333,0.0,42.62666666666667,30.526666666666667,8.74,0.0,0.0,0.0,3.0
651,2149,14.0,0.0,7,12,62.3,8.620000000000001,0.0,29.08,0.0,0.0,0.0,0.0,2.0
659,2196,39.0,3.75,5,1,11.62,0.0,41.73,23.13,0.0,0.0,23.52,0.0,1.0
660,2197,39.0,5.183999999999999,4,21,29.032,4.975999999999999,21.014,10.424,1.994,0.0,32.558,0.0,5.0
661,2202,47.5,9.865,1,21,8.885,1.365,37.49,31.655,10.925,0.0,9.68,0.0,2.0
664,2219,30.0,6.1,3,22,39.34,0.0,32.22,0.0,12.35,0.0,0.0,16.09,1.0
671,2247,5.0,0.0,1,16,100.0,0.0,0.0,0.0,0.0,0.0,0.0,0.0,1.0
677,2264,34.5,0.54,5,22,53.72,3.655,18.385,8.065,13.61,2.565,0.0,0.0,2.0
685,2279,56.66666666666666,10.173333333333332,2,22,54.84,0.0,14.056666666666668,6.15,22.24,0.0,2.716666666666667,0.0,3.0
686,2282,26.8,2.07,7,23,46.632000000000005,12.657999999999998,17.598,21.630000000000003,0.0,0.0,1.482,0.0,5.0
688,2296,40.5,11.215,5,12,18.11,5.53,35.07,33.875,7.415,0.0,0.0,0.0,2.0
691,2303,29.0,10.2,1,21,20.51,19.26,41.85,18.38,0.0,0.0,0.0,0.0,1.0
697,2318,65.0,0.1,7,16,24.96,16.55,14.41,12.59,11.91,15.44,0.0,4.13,1.0
701,2327,39.285714285714285,7.295714285714285,1,18,32.635714285714286,15.521428571428572,12.602857142857143,29.03571428571428,0.8771428571428572,8.245714285714286,1.0814285714285714,0.0,7.0
705,2341,22.0,0.9325,2,22,10.7375,18.7725,17.752499999999998,22.8775,7.2775,3.17,19.4125,0.0,4.0
712,2358,40.0,3.86,2,9,48.21,0.0,27.79,5.32,12.45,0.0,6.24,0.0,1.0
713,2359,88.0,12.923333333333332,7,20,43.04,2.2,30.49,21.166666666666668,3.103333333333333,0.0,0.0,0.0,3.0
714,2362,15.0,1.98,4,16,62.01,9.78,19.4,8.81,0.0,0.0,0.0,0.0,1.0
722,2407,18.33333333333333,13.783333333333331,7,22,61.19333333333333,0.0,3.0733333333333337,24.67333333333333,11.06,0.0,0.0,0.0,3.0
723,2410,49.0,13.575,7,18,30.67,0.0,52.525,0.0,16.805,0.0,0.0,0.0,2.0
724,2412,32.0,14.27,4,12,54.03,29.19,16.78,0.0,0.0,0.0,0.0,0.0,1.0
725,2413,15.714285714285714,2.337142857142857,1,15,34.107142857142854,0.0,27.950000000000006,20.165714285714284,1.237142857142857,0.0,16.54285714285714,0.0,7.0
726,2420,20.0,11.13,1,12,45.86,0.0,20.02,8.78,25.35,0.0,0.0,0.0,1.0
728,2422,69.66666666666667,5.56,6,21,30.6,12.403333333333334,19.356666666666666,18.41333333333333,4.613333333333333,1.84,12.78,0.0,3.0
729,2425,13.0,2.76,7,17,47.53,0.0,27.44,19.33,5.7,0.0,0.0,0.0,1.0
731,2427,40.0,0.71,7,23,34.87,21.07,22.24,19.36,2.46,0.0,0.0,0.0,1.0
735,2437,44.0,2.55,2,20,40.27,7.3,26.35,23.33,2.75,0.0,0.0,0.0,1.0
736,2438,82.0,2.87,7,22,40.88,26.17,20.31,2.46,6.08,4.1,0.0,0.0,1.0
738,2440,34.5,10.94,3,20,34.2725,0.0,15.6,21.8225,4.3125,3.1575,7.7875,11.1,4.0
744,2455,57.85714285714285,8.662857142857144,7,10,27.44142857142857,6.145714285714286,32.747142857142855,11.35142857142857,2.0585714285714287,0.1028571428571428,20.158571428571427,0.0,7.0
745,2462,49.833333333333336,11.366666666666667,7,21,26.471666666666664,6.305,25.721666666666664,25.826666666666664,6.346666666666668,1.4,5.111666666666667,0.0,6.0
750,2478,64.0,6.08,2,9,26.61,5.38,40.34,24.48,3.19,0.0,0.0,0.0,1.0
752,2481,81.0,8.91,2,16,52.38,0.0,8.42,39.2,0.0,0.0,0.0,0.0,1.0
755,2488,50.42857142857143,6.777142857142857,5,1,36.52857142857143,18.147142857142857,30.58428571428572,7.102857142857144,6.061428571428571,0.0,0.0,1.577142857142857,7.0
760,2502,30.2,5.706,2,20,31.5,23.848,30.529999999999998,11.644,2.476,0.0,0.0,0.0,5.0
762,2509,32.5,11.28,3,23,31.035,0.0,25.03,21.15,5.01,0.0,17.77,0.0,2.0
764,2519,59.0,5.82,1,19,40.74,3.64,27.72,27.9,0.0,0.0,0.0,0.0,1.0
769,2527,55.0,5.34,4,1,86.9,0.0,10.44,0.0,0.0,0.0,0.0,0.0,1.0
771,2529,34.666666666666664,8.056666666666665,1,11,9.46,13.871666666666664,24.426666666666662,26.06833333333334,1.135,0.0,25.043333333333333,0.0,6.0
774,2537,32.333333333333336,2.6300000000000003,7,10,19.186666666666664,18.166666666666668,34.596666666666664,23.646666666666665,4.396666666666667,0.0,0.0,0.0,3.0
775,2540,31.0,8.877500000000001,7,21,17.345,3.41,19.8075,20.2275,8.125,0.0,31.0875,0.0,4.0
776,2544,31.33333333333333,6.0683333333333325,3,11,21.82,22.399999999999995,33.12,15.333333333333334,7.326666666666667,0.0,0.0,0.0,6.0
780,2564,24.0,7.2,1,12,24.54,0.0,40.13,22.07,0.0,4.49,0.0,0.0,1.0
781,2565,15.0,-18.06,2,12,20.08,0.0,24.42,0.0,0.0,0.0,28.77,26.73,1.0
783,2567,34.5,5.1883333333333335,1,15,23.31,13.001666666666669,10.92,15.508333333333333,5.536666666666666,0.7050000000000001,31.02,0.0,6.0
791,2584,34.0,12.56,1,13,28.36,17.315,39.845,14.48,0.0,0.0,0.0,0.0,2.0
794,2588,34.666666666666664,12.993333333333334,4,15,21.08,10.406666666666666,43.22,16.966666666666665,8.323333333333332,0.0,0.0,0.0,3.0
797,2594,36.5,2.955,3,20,19.295,14.18,47.185,19.345,0.0,0.0,0.0,0.0,2.0
799,2597,48.333333333333336,4.953333333333333,1,10,34.36333333333334,14.173333333333332,26.02,14.773333333333332,10.666666666666666,0.0,0.0,0.0,3.0
802,2604,21.0,6.8,1,18,74.49,0.0,9.28,2.53,0.0,0.0,13.7,0.0,1.0
803,2605,23.666666666666668,10.656666666666666,1,14,43.25,0.0,36.69833333333333,9.421666666666669,6.293333333333333,2.891666666666667,0.185,0.0,6.0
809,2618,37.66666666666666,10.863333333333337,6,18,33.54,4.023333333333333,30.88,25.77,4.8533333333333335,0.0,0.9366666666666666,0.0,3.0
813,2630,21.666666666666668,1.81,7,2,71.19666666666666,0.0,11.683333333333335,1.6683333333333332,10.31,4.621666666666667,0.5183333333333333,0.0,6.0
816,2640,85.0,9.06,4,17,33.93,0.0,19.05,23.06,23.97,0.0,0.0,0.0,1.0
817,2641,23.0,7.44,2,12,51.245000000000005,0.0,30.435,18.32,0.0,0.0,0.0,0.0,2.0
828,2670,29.0,2.93,4,23,42.205,27.450000000000003,23.44,6.91,0.0,0.0,0.0,0.0,2.0
829,2672,28.285714285714285,16.414285714285715,2,10,18.797142857142852,0.0,33.68714285714285,22.927142857142854,7.37,0.0,17.21857142857143,0.0,7.0
833,2683,31.5,16.905,1,22,26.61,0.0,28.175,15.805,16.625,0.0,0.0,12.79,2.0
835,2687,59.0,6.390000000000001,6,18,25.39,19.835,3.35,19.135,5.605,0.3,0.0,26.385,2.0
836,2689,27.0,0.085,4,10,17.71,16.205,42.675,7.819999999999999,2.56,3.395,9.64,0.0,2.0
842,2710,40.0,13.01,6,19,38.43,19.35,26.56,15.66,0.0,0.0,0.0,0.0,1.0
847,2718,44.0,4.33,7,17,29.53,0.0,40.68,11.01,10.19,8.6,0.0,0.0,1.0
848,2719,42.16666666666666,3.85,7,7,33.85166666666667,0.0,43.65833333333333,15.011666666666668,0.0,0.0,7.478333333333333,0.0,6.0
849,2725,25.0,14.524285714285712,7,21,18.144285714285715,11.2,29.737142857142857,17.36,1.82,0.0,21.735714285714288,0.0,7.0
850,2732,35.333333333333336,0.0,1,12,87.58,0.0,10.903333333333334,1.5200000000000002,0.0,0.0,0.0,0.0,3.0
856,2745,46.0,19.34,4,11,15.7,2.57,41.13,32.92,7.69,0.0,0.0,0.0,1.0
861,2772,74.0,5.11,7,22,44.35,3.56,16.58,14.57,14.61,0.0,6.34,0.0,1.0
862,2773,27.0,1.88,5,11,25.448,19.926,23.706,23.362,3.364,4.192,0.0,0.0,5.0
864,2779,35.0,47.42,4,22,58.22,0.0,7.94,24.14,9.71,0.0,0.0,0.0,1.0
867,2782,21.0,5.265000000000001,5,0,22.455,5.235,26.605,21.71,6.095,0.0,17.905,0.0,2.0
876,2818,52.0,9.46,2,17,12.19,0.0,34.16,12.12,18.53,5.91,17.08,0.0,1.0
63,314,5.5,0.14,1,12,0.0,0.0,4.72,0.0,0.0,0.0,95.28,0.0,2.0
65,317,7.5,9.625,7,13,6.215,0.0,9.61,0.0,0.0,0.0,84.18,0.0,2.0
96,430,30.5,12.72,2,12,16.64,26.005,6.935,0.0,2.17,0.0,48.25,0.0,2.0
101,439,16.0,8.875,5,0,0.0,5.085,45.295,0.0,0.0,0.0,49.620000000000005,0.0,2.0
105,450,6.0,0.0,6,12,0.0,0.0,0.0,0.0,0.0,0.0,100.0,0.0,1.0
123,530,26.0,17.345,1,15,5.53,0.0,0.795,33.985,1.45,0.0,58.24,0.0,2.0
125,542,15.8,37.71,7,22,10.664,13.974,2.256,16.39,21.274,0.0,35.44199999999999,0.0,5.0
142,581,13.5,7.101666666666667,4,11,5.378333333333334,0.0,14.911666666666669,20.101666666666667,11.401666666666666,3.431666666666666,42.05833333333334,2.716666666666667,6.0
147,603,50.0,23.92,4,21,33.99,0.0,6.44,0.0,0.0,0.0,59.57,0.0,1.0
152,612,10.5,0.7,4,18,9.22,0.0,1.595,10.295,14.51,0.0,64.375,0.0,2.0
183,721,6.0,0.0,7,19,0.0,0.0,0.0,15.39,0.0,0.0,84.61,0.0,1.0
187,728,9.0,41.19,5,22,0.0,0.0,7.47,31.47,0.0,0.0,61.06,0.0,1.0
191,744,10.5,7.595,7,22,0.0,5.865,21.18,19.78,0.0,0.0,53.17,0.0,2.0
209,804,10.0,4.01,6,10,8.88,0.0,0.0,10.9,0.0,0.0,80.23,0.0,1.0
213,823,15.0,1.39,2,22,3.32,19.42,9.42,0.0,0.0,0.0,67.84,0.0,1.0
220,848,15.0,1.11,7,22,14.84,6.325,2.785,3.56,9.99,0.0,62.495,0.0,2.0
241,913,22.0,0.0,5,11,0.0,0.0,0.0,0.0,0.0,0.0,100.0,0.0,2.0
264,1005,7.0,8.12,1,0,0.0,0.0,0.0,30.11,0.0,0.0,69.89,0.0,1.0
265,1006,5.0,0.0,7,14,0.0,0.0,0.0,0.0,0.0,0.0,100.0,0.0,1.0
273,1029,17.0,0.0,2,17,0.0,0.0,0.0,0.0,0.0,0.0,100.0,0.0,1.0
319,1183,15.0,11.37,7,15,3.58,0.0,33.04,5.1,0.0,0.0,58.28,0.0,1.0
323,1199,22.33333333333333,2.876666666666667,7,21,0.5599999999999999,1.8866666666666667,18.756666666666668,10.076666666666666,0.0,3.03,65.68666666666667,0.0,3.0
331,1227,11.0,40.44,7,11,0.0,0.0,0.0,20.05,0.0,0.0,79.95,0.0,1.0
343,1250,10.0,0.0,7,21,32.56,0.0,31.8,5.03,0.0,0.0,30.6,0.0,1.0
350,1262,7.0,0.97,2,0,0.0,0.0,9.71,0.0,0.0,0.0,69.9,20.4,1.0
359,1286,35.0,21.35,1,17,13.12,0.0,20.15,8.17,0.0,0.0,58.56,0.0,1.0
379,1348,10.5,19.395,2,23,5.03,0.0,0.0,29.405,11.58,0.0,53.99,0.0,2.0
386,1363,6.0,0.0,4,22,8.24,0.0,0.0,0.0,0.0,0.0,91.76,0.0,1.0
396,1393,9.0,25.15,1,11,0.0,0.0,13.69,32.84,4.31,0.0,49.16,0.0,1.0
401,1401,19.0,1.66,3,23,0.0,0.0,2.64,8.32,4.34,0.0,84.71,0.0,1.0
403,1404,14.0,15.85,6,11,20.0,0.0,0.0,16.35,13.66,0.0,49.98,0.0,1.0
410,1415,23.0,9.395,7,22,6.175000000000001,14.815,34.45,2.37,3.185,0.0,39.01,0.0,2.0
413,1421,16.5,4.125,3,13,15.885,12.735,7.755,19.28,2.125,0.0,42.22,0.0,2.0
419,1436,9.0,6.4,7,16,0.0,3.97,19.19,4.25,12.32,0.0,60.27,0.0,1.0
421,1438,15.0,30.72,1,0,0.0,0.0,20.34,9.545,20.115,0.0,50.0,0.0,2.0
425,1461,13.25,0.27,1,22,10.25,3.76,4.5275,4.12,0.0,0.0,77.345,0.0,4.0
474,1647,12.0,3.51,1,18,11.15,0.0,0.8733333333333334,13.85,18.52,7.75,47.85666666666666,0.0,3.0
499,1732,11.0,3.295,3,13,5.343333333333334,1.2566666666666666,18.043333333333333,4.855,1.7816666666666665,0.0,67.61666666666667,0.0,6.0
508,1763,29.0,13.82,1,22,3.78,0.0,10.98,18.5,0.0,7.51,59.23,0.0,1.0
518,1781,11.0,8.39,2,18,19.37,0.0,0.0,0.0,34.37,0.0,46.26,0.0,1.0
522,1787,9.0,38.29,2,9,0.0,0.0,0.0,28.69,0.0,0.0,71.31,0.0,1.0
558,1879,29.33333333333333,20.44666666666667,4,11,4.37,0.0,9.83,10.503333333333332,3.106666666666667,0.0,72.18333333333334,0.0,3.0
570,1909,16.666666666666668,9.973333333333334,1,10,6.0,0.0,17.2,24.81,1.4966666666666668,3.893333333333333,46.59666666666666,0.0,3.0
580,1944,9.5,0.115,3,11,11.95,0.0,1.725,39.405,0.0,0.0,46.92,0.0,2.0
583,1953,12.0,4.16,3,7,0.0,0.0,29.37333333333333,17.043333333333333,0.0,0.0,53.583333333333336,0.0,3.0
592,1969,12.75,2.89375,6,14,3.3287500000000003,0.0,19.508750000000003,20.1875,3.16125,3.62125,50.1925,0.0,8.0
605,2007,18.0,13.555,7,22,15.15,0.0,3.57,1.18,0.0,1.74,78.365,0.0,2.0
615,2041,18.5,12.02,4,15,6.28,0.0,4.32,14.405,1.055,0.0,73.94,0.0,2.0
672,2248,15.0,29.26,6,19,0.0,0.0,0.0,0.0,4.98,0.0,95.02,0.0,1.0
684,2276,18.0,19.71,1,22,12.08,0.0,5.3500000000000005,6.723333333333334,4.303333333333334,7.523333333333333,64.02333333333333,0.0,3.0
38,195,23.666666666666668,0.3366666666666666,4,12,17.539999999999996,9.273333333333332,56.71666666666667,13.46,3.01,0.0,0.0,0.0,3.0
45,220,19.33333333333333,1.81,1,14,7.506666666666667,3.81,56.56333333333333,8.976666666666667,14.426666666666668,8.713333333333333,0.0,0.0,3.0
50,248,31.166666666666668,10.475,7,12,20.966666666666665,16.063333333333336,54.37833333333334,5.233333333333333,2.111666666666667,1.2483333333333333,0.0,0.0,6.0
57,292,39.0,5.65,4,20,6.03,4.07,49.06,4.93,0.0,0.0,35.92,0.0,1.0
58,293,17.0,13.75,3,14,12.55,0.0,69.47,17.99,0.0,0.0,0.0,0.0,1.0
59,294,34.0,11.39,1,13,0.0,0.0,53.03,15.7,23.44,7.83,0.0,0.0,1.0
80,389,17.5,2.99,4,21,15.9,3.15,44.05,0.0,0.0,0.0,36.905,0.0,2.0
85,404,13.0,1.4,4,22,10.14,8.11,52.34,9.74,0.0,0.0,0.0,19.67,1.0
97,432,19.0,22.14,7,23,30.34,0.0,69.66,0.0,0.0,0.0,0.0,0.0,1.0
106,451,12.0,6.44,4,20,20.26,0.0,79.74,0.0,0.0,0.0,0.0,0.0,1.0
132,555,29.0,4.89,6,13,19.38,0.0,61.08,19.54,0.0,0.0,0.0,0.0,1.0
136,564,9.0,17.743750000000002,1,13,5.827500000000001,0.31375,68.4125,7.1325,18.31375,0.0,0.0,0.0,8.0
141,579,18.0,5.68,5,22,0.0,0.0,69.845,0.0,0.0,0.0,0.0,30.155,2.0
143,587,20.0,8.37,5,20,26.01,0.0,73.99,0.0,0.0,0.0,0.0,0.0,1.0
154,615,32.0,11.73,1,0,3.5700000000000003,18.06,70.65,4.945,2.775,0.0,0.0,0.0,2.0
159,627,27.0,7.535,1,23,45.895,0.0,54.105,0.0,0.0,0.0,0.0,0.0,2.0
167,656,23.33333333333333,2.41,7,18,26.42,20.58333333333333,45.18666666666667,1.55,6.260000000000001,0.0,0.0,0.0,3.0
179,697,15.0,16.19,2,12,22.42,0.0,48.9,28.67,0.0,0.0,0.0,0.0,1.0
182,719,32.5,6.005,1,18,20.955,0.0,67.165,10.375,1.505,0.0,0.0,0.0,2.0
186,727,17.0,5.02,3,17,4.86,0.0,68.7,26.45,0.0,0.0,0.0,0.0,1.0
199,767,17.0,-18.880000000000003,3,3,32.595,0.0,50.255,10.425,6.725,0.0,0.0,0.0,2.0
202,772,28.0,7.46,7,22,0.0,26.81,45.49,27.7,0.0,0.0,0.0,0.0,1.0
208,800,30.75,16.490000000000002,6,16,9.39,0.0,72.4,14.485,3.7225,0.0,0.0,0.0,4.0
218,843,36.0,1.305,7,22,23.05,0.0,59.760000000000005,9.66,0.0,0.0,0.0,7.53,2.0
223,856,16.0,7.35,2,11,24.72,0.0,55.155,15.63,0.0,4.5,0.0,0.0,2.0
239,909,13.333333333333334,5.633333333333333,3,10,15.74,0.0,52.94,18.06,0.0,7.05,0.0,6.213333333333334,3.0
243,919,19.0,2.293333333333333,1,16,6.510000000000001,7.463333333333334,84.95666666666666,0.0,0.0,1.07,0.0,0.0,3.0
250,934,27.0,3.662,2,18,17.944,7.592,43.738,1.6780000000000002,2.634,0.0,26.414,0.0,5.0
251,939,28.5,16.995,2,11,16.38,26.08,52.485,3.8,0.0,1.255,0.0,0.0,2.0
268,1010,34.0,15.63,5,13,22.54,0.0,50.26,27.2,0.0,0.0,0.0,0.0,1.0
271,1026,21.5,2.645,5,10,0.0,0.0,59.855,40.145,0.0,0.0,0.0,0.0,2.0
276,1042,19.0,-5.983333333333334,4,14,6.550000000000001,0.95,65.94666666666667,9.21,17.343333333333334,0.0,0.0,0.0,3.0
283,1064,20.0,0.475,1,22,4.585,27.485,58.005,7.93,2.0,0.0,0.0,0.0,2.0
287,1074,20.0,5.41,5,23,22.49,0.0,53.07,24.44,0.0,0.0,0.0,0.0,1.0
304,1125,23.0,1.61,5,17,0.0,0.0,100.0,0.0,0.0,0.0,0.0,0.0,1.0
310,1145,26.0,12.06,3,13,8.028571428571428,0.0,63.45285714285715,28.51714285714285,0.0,0.0,0.0,0.0,7.0
320,1184,19.0,2.08,1,22,18.3,0.0,81.7,0.0,0.0,0.0,0.0,0.0,1.0
329,1222,18.0,9.8475,4,11,12.8725,20.737500000000004,42.395,18.3575,5.635,0.0,0.0,0.0,4.0
356,1278,22.33333333333333,8.333333333333334,1,23,5.056666666666668,0.0,47.88333333333333,32.89333333333334,12.536666666666669,0.0,0.0,1.63,3.0
362,1290,19.0,0.99,2,22,15.14,6.98,52.44,17.26,0.0,0.0,8.19,0.0,1.0
373,1329,28.0,3.67,5,15,0.0,0.0,55.99,11.02,32.98,0.0,0.0,0.0,1.0
390,1371,14.5,-3.185,3,15,45.66,0.0,54.34,0.0,0.0,0.0,0.0,0.0,2.0
400,1400,25.0,3.75,3,13,14.63,5.87,53.69,0.0,17.12,8.69,0.0,0.0,1.0
411,1417,17.666666666666668,8.116666666666667,2,10,18.83333333333333,0.0,72.68333333333334,0.7166666666666667,7.766666666666666,0.0,0.0,0.0,3.0
412,1420,19.0,7.29,4,0,5.15,0.0,94.85,0.0,0.0,0.0,0.0,0.0,1.0
420,1437,7.0,33.08,3,19,0.0,0.0,100.0,0.0,0.0,0.0,0.0,0.0,1.0
430,1488,7.333333333333333,12.43,7,10,0.0,0.0,66.66666666666667,18.516666666666666,14.816666666666668,0.0,0.0,0.0,3.0
431,1491,17.0,5.153333333333333,2,15,7.363333333333333,0.0,71.21,12.486666666666666,8.94,0.0,0.0,0.0,6.0
437,1514,17.0,7.18,2,11,6.45,0.0,76.36,17.19,0.0,0.0,0.0,0.0,1.0
441,1529,7.0,29.67,2,21,0.0,0.0,100.0,0.0,0.0,0.0,0.0,0.0,1.0
449,1572,22.0,15.81,5,12,29.19,0.0,47.2,17.73,3.9,1.98,0.0,0.0,1.0
450,1573,22.666666666666668,1.653333333333333,2,22,22.166666666666668,0.0,71.49,4.593333333333333,1.7533333333333332,0.0,0.0,0.0,3.0
451,1576,23.0,2.14,1,12,26.87,9.19,50.66,10.15,0.0,0.0,3.13,0.0,1.0
458,1589,25.0,18.64,3,22,9.45,0.0,90.55,0.0,0.0,0.0,0.0,0.0,1.0
475,1650,17.5,5.215,5,11,12.165,15.91,62.36,0.945,8.62,0.0,0.0,0.0,2.0
482,1679,23.0,3.12,1,19,16.5,0.0,83.5,0.0,0.0,0.0,0.0,0.0,1.0
489,1701,7.0,7.663333333333334,4,1,0.0,0.0,68.33333333333333,0.0,0.0,0.0,29.71666666666667,0.0,3.0
493,1716,31.5,-0.3400000000000001,7,21,21.08,0.0,60.72,17.79,0.0,0.0,0.415,0.0,2.0
495,1722,27.5,14.37,7,14,29.4,0.0,55.555,3.44,11.605,0.0,0.0,0.0,2.0
497,1725,23.0,2.93,7,16,0.0,7.98,62.15,0.0,0.0,15.55,14.32,0.0,1.0
1,3,31.15,17.849,1,12,17.762,52.909000000000006,17.760999999999996,3.2075000000000005,2.3145,4.351999999999999,1.6949999999999998,0.0,20.0
3,24,27.782608695652176,4.102173913043479,1,10,23.82565217391305,51.280869565217394,8.220869565217392,14.773478260869569,0.0,0.0,1.898695652173913,0.0,23.0
4,47,17.103448275862068,4.373103448275862,3,9,24.841379310344823,51.08241379310345,10.29103448275862,13.035172413793102,0.6837931034482758,0.0,0.0655172413793103,0.0,29.0
6,77,40.76923076923077,2.683846153846154,2,12,39.315384615384616,23.76692307692308,19.72153846153846,5.633076923076923,2.1884615384615382,0.0,6.617692307692308,2.7569230769230773,13.0
8,91,35.25,23.67,2,23,24.09125,37.56625,22.3925,12.03375,3.9175,0.0,0.0,0.0,8.0
9,99,17.75,3.004166666666667,2,8,9.296666666666669,64.83999999999999,14.153333333333334,3.2575,2.4391666666666665,5.39,0.625,0.0,12.0
12,118,36.22222222222222,1.961111111111111,7,17,26.69888888888889,3.5933333333333337,19.321111111111108,14.591111111111111,1.2633333333333334,0.1444444444444444,34.38666666666667,0.0,9.0
41,200,41.0,20.261818181818185,1,13,28.030909090909088,39.91272727272728,13.62,7.469090909090909,8.094545454545456,2.8736363636363635,0.0,0.0,11.0
48,225,40.86363636363637,18.805,1,1,22.782272727272726,47.90136363636364,14.397727272727272,5.881363636363637,3.627727272727273,0.0,5.411363636363636,0.0,22.0
53,259,58.85714285714285,16.72142857142857,6,22,42.28071428571428,44.18928571428573,6.1085714285714285,4.228571428571429,1.6949999999999998,0.2292857142857143,1.270714285714286,0.0,14.0
